<?xml version="1.0" encoding="utf-8" ?>
<dwsync>
<file name="changelog" server="ftp.unseen.org.au//public_html/" local="127675976240000000" remote="128471997000000000" />
<file name="class.nusoap_base.php" server="ftp.unseen.org.au//public_html/" local="127675976240000000" remote="128471997600000000" />
<file name="class.soapclient.php" server="ftp.unseen.org.au//public_html/" local="127669162520000000" remote="128471997600000000" />
<file name="class.soap_fault.php" server="ftp.unseen.org.au//public_html/" local="127669162520000000" remote="128471997600000000" />
<file name="class.soap_parser.php" server="ftp.unseen.org.au//public_html/" local="127675976260000000" remote="128471997600000000" />
<file name="class.soap_server.php" server="ftp.unseen.org.au//public_html/" local="127675976280000000" remote="128471997600000000" />
<file name="class.soap_transport_http.php" server="ftp.unseen.org.au//public_html/" local="127669162520000000" remote="128471997600000000" />
<file name="class.soap_val.php" server="ftp.unseen.org.au//public_html/" local="127669162520000000" remote="128471997600000000" />
<file name="class.wsdl.php" server="ftp.unseen.org.au//public_html/" local="127675976300000000" remote="128471997600000000" />
<file name="class.wsdlcache.php" server="ftp.unseen.org.au//public_html/" local="127622429580000000" remote="128471997600000000" />
<file name="class.xmlschema.php" server="ftp.unseen.org.au//public_html/" local="127675976320000000" remote="128471998200000000" />
<file name="nusoap.php" server="ftp.unseen.org.au//public_html/" local="127675976320000000" remote="128471998800000000" />
<file name="nusoapmime.php" server="ftp.unseen.org.au//public_html/" local="127669162520000000" remote="128471998800000000" />
</dwsync>